{
  "project_info": {
    "project_number": "748118294419",
    "project_id": "whatsnext-34ace",
    "storage_bucket": "whatsnext-34ace.appspot.com"
  },
  "client": [
    {
      "client_info": {
        "mobilesdk_app_id": "1:748118294419:android:57d7739f60519987b7f266",
        "android_client_info": {
          "package_name": "com.dinis.whatsnext"
        }
      },
      "oauth_client": [
        {
          "client_id": "748118294419-pa1o0l88rab6jvjkuj4ekqp3ke2c0fgq.apps.googleusercontent.com",
          "client_type": 3
        }
      ],
      "api_key": [
        {
          "current_key": "AIzaSyBBH0Nj8MCOhPyB1bK-8fQRqhbtj-MTyis"
        }
      ],
      "services": {
        "appinvite_service": {
          "other_platform_oauth_client": [
            {
              "client_id": "748118294419-pa1o0l88rab6jvjkuj4ekqp3ke2c0fgq.apps.googleusercontent.com",
              "client_type": 3
            }
          ]
        }
      }
    }
  ],
  "configuration_version": "1"
}